index,tag1,tag2,tag3,tag4,tag5,article
1,һ һ涨,,,,,Ȩηڶڶ涨ġȡƲȨӦȨȨȨȨżȨȨȨծȨеȨܷ涨ľ˸ȨʵȨȨηйع涨Ա
2,,,,,,ֺ壬ӦеȨΡȡΥ׵ķʽֺ壬ؾ𺦵ģȨ˿⳥
3,,,,,,Ϊ֪ծȨաвȻɢϢȷʽʹծ˲ծ񣬻ʽֺծȨɲƲʧģӦеȨΡծ֪Ϊ˵Ĺ⣬Ϊ˹ͬʵʩȨΪֺծȨɲƲ𺦵ģӦΪ˳еΡ
4,,,,,,Υ˵ķɣ߹ΥףֺģӦ϶ΪȨηڶڶ涨汣Χ(һ)ɹ涨ľ˸Ȩܱ˸棻()ߵФ˽ԼŹǵ˸棻()̥˸棻()ɹ涨Ȩܱ棻()ɹ涨ȨծȨ֪ʶȨܱռС⾭ʧƲ档ǰ涨ߵ˸棬ߵĽԱ̥˸ܵ𺦣Ȩܵ⳥;̥ûгʱΪģΪĸ׵𺦡
5,,,,,,Ȩηڶ͵涨ġɹ涨޷ñıȨˣȨηڶ涨Ϊ˳еȨΡ
6,,,,,,Ȩ˵ĲƲԳеȨΣӦȳеȨεģԺִͥӦִоȷȨΣʣƲִоȷΡѾִεģڱȨߵоУӦΪˣͬʱȷȨִУӦִԺоȨȨܶԿծȨ
7,,,,,,ɶȨй涨ҾرģӦոر涨ȷȨΡɶȨй涨رģʹȨηйع涨ʱΪȷȨεĲοɵĹ涨ȨηĹ涨ͻģñ涨ɵĹ涨á
8,ڶ ιɺηʽ,һ ԭ,,,,ΪֺȨ棬Ʋ𺦵ģӦеȨ⳥ΡȨηʮ(һ)()()͵()ηʽãΪ˾йΪҪȨηʮһʮʮʮʮ͵ʮ涨ȨͣȨηһ涨÷ɣõڶ͵涨
9,,,,,,Ȩηһ涨ȨΣӦ߱(һ)Ϊ˵ΪΥΥ˵ķɻ߹ΥףΥԣ()ܺ˵Ʋܵʵ𺦣()Ϊ˵ȨΪ֮ϵ()Ϊ˾йʧǰ涨Ĺ⣬ָΪ𺦣֪ΪʵʩӺΪ;ǰ涨ĹʧָΪиδע
10,,,,,,Ȩηڶ涨ġɹ涨ָȨηʮһ¹涨ӦùƶԭȨͣʮڶʮʮʮڰʮһڰʮڰʮڰʮڰʮھʮھʮһɹ涨Ӧùƶԭģ·ͨȫʮһڶ涨
11,,,,,,ȨȨη涨޹ԭȷȨΣ(һ)¹涨ĲƷΣ()ڰ¹涨ĻȾ;()ھ¹涨ĸ߶Σ;()ʮ¹涨Σڰʮһ涨;()ɹ涨Ĺ¹Ρ
12,,,,,,Ȩη涨ӦеȨΣȨܹ֤Ȩ˶𺦾йģȨηԼɹ⳥޶Ĺ涨
13,,ڶ ͬȨ,,,,Ȩηڰ涨ͬȨΪ۵ĹͬȨΪͿ͹۵ĹͬȨΪϻڹͬʵʩȨΪ𺦵ģΪ۵ĹͬȨΪӦеΡ޹ͬ⣬ÿһ˵ΪͬһֺĿ꣬ͬһ𺦽ÿһ˵Ϊ𺦷Ĺͬԭ𺦽޷ָģΪ͹۵ĹͬȨΪӦеΡ
14,,,,,,Ϊˡˡ˳еεηݶӦݸԵĹ̶ȺΪԭСȨηʮ涨ȷȨ˿Ȩηʮ涨Ȩ
15,,,,,,Ȩηھڶ涨ȷˡ˳еȨΣ໤˳еӦεģΪΡ໤Ѿ໤βӦеӦεģˡӦеΡ໤Ȩηھڶ涨еӦΡķΧӦ̶Լԭȷˡ໤ӦеεģȨ˿Ž˳еȫΣˡ˳еȫ⳥κȨ໤׷;ҲŽˡ໤˳е;ż໤˳еȫ⳥Σɼ໤˻߰׷
16,,,,,,ʵʩΣƲȫΪ𺦺ȷֺΪˣͬΣΪܹ֤𺦺Ϊɵģе⳥Ρ
17,,,,,,Ȩηʮһ涨ȷĹͬȨΪΪ˳еεģԭƽֵΡܹȷδСģδСȷ⳥Ρ
18,,,,,,ϱ˾͵ʮ涨ȨΪӦȨηʮ涨ȷΡ
19,,,,,,Ȩ߲˵ģԺ׷Ϊͬ档Ȩ˲ͬ׷ӵģձȨߵ˳еȫ⳥ΡԺоȷĲɥʧ⳥⳥ȫΣȨ˵ģӦоߵ˳еԺоѾȷ⳥ΡȨˣоеεģԺ֧֡
20,,,,,,ȷȨηʮ涨δСӦݸ˵Ĺ̶ȺΪԭСۺж;޷жϹ̶ȻԭɷֵģƽֵΡй涨Լĳ⡣
21,, Ȩηʽ⳥,,,,ֺȨȨ˼ȿȨʮʮʮ涨ȨҲȨηҪȨ˳еȨΡȨȨʮ߲Ʋ⳥ģӦȨηйع涨ȷȨΣյʮ涨ȷ⳥
22,,,,,,Ȩ˿⳥ΪƺͿ֧ĺðѡסԺʳѡӪѵȡҽƷѡѡͨѡ󹤷ѡм߷ѡɥѼǰиΪƺͿ֧ĺõļ㣬Ժ⳥÷Ľ͡ʮڶʮ͵ڶʮ涨ȷм⳥⳥չȳְƽʱ׼ʮ㣬ܺ˵䡢أʵӻ߼١Ȩ˳е˲м⳥⳥ģٳеѵ⳥
23,,,,,,ͬһȨΪɶģԲܺ䡢أͬȷ⳥
24,,,,,,ȨȨ˰Ʋֱܵ𺦵ܺˣԼȨֺ߽֧ܵܺҽƷѡɥѵȺõˡȨȨ˻Ȩֺǰеıˣ⳥Χ֮ڡߵ˸ֺܵģߵżĸŮΪȨȨˡûżĸŮģΪȨȨˡ̥ܵ˺ģΪȨȨˡ
25,,,,,,ܺˣָȨΪֱܺ˵𺦣ʹȨܵ𺦵ܺˡܺ˵ȨȨǶȨԺֱܺһϣҲԶȨϡ
26,,,,,,ȨʱûнģȨ˵⳥𡣵֧ȨҽƷѡɥѵȺõˣȨȨ⳥طáΪḣȨֺûнʵʩȨΪ׷ȨΣ⳥Ӧḣ
27,,,,,,ȨʵʩȨΪģӦŲΪޣеȨ⳥ΡŲѾ̳˼̳еģӦѾ̳еŲΧڳеȨ⳥Ρ
28,,,,,,ԲƲ𺦵ģӦ⳥ܺʵʧвƲɵԼȨΪʱԤ߿ԤĿɵ档
29,,,,,,Ȩηʮ涨ʧʱг۸㲻ܱȨ˵ĺϷȨģӦʽȷƲ⳥Ρг۸񣬰ʧʱȨΪصг۸ȷ;Ӧִۻָ۵ģչ涨С𺦵ĲƲгӦ۸񣬿Բʽ㡣
30,,,,,,ֺƲȨΪ˶ԼΪɵ𺦣ԶԶΪԤڣе⳥ʧƽģӦȨηʮ涨ʽȷʵ⳥Ρ
31,,,,,,Ȩηڶʮ涨ֺȨɲƲʧָֺ˸ȨȨ˸桢Լ֪ʶȨеľɵĲƲʧ
32,,,,,,гȨΪΣƲȫģȨǰԺձڶʮһ涨ʱҪΪֹֺͣųΣաȨΪǰıȨˣӦṩӦĵȨΪǰıȨӦߣ޵ģʱԳ
33,,,,,,ܺȨȨȨȨȨȨФȨ˽ȨȨȨȨ˸ȨԼ໤ȨȨֺܵģܺ˿Ȩ˳е⳥ΡȨ˸桢˸桢̥˸桢ֺܵģȨ˳е⳥Ρ˸ضƷʧ߻ܺ˳˿Ʋ⳥⣬˸ܵ𺦵ľ⳥Ρ
34,,,,,,֮һģ϶Ϊؾ𺦣(һ)ܺȨΪм˺;()ֺ˸Ȩ棬᲻Ӱ죬߸ܺ˵ɽϴӰ;()ΪȨ˵ΪʹܺҽѧϿ֤˵ġ
35,,,,,,ֺȨ棬Ȼûؾ𺦣ԺԸʵҪȷȨ˳е⳥ȷ⳥Ժʵȷ˹ߡ
36,,,,,,֮һģܺ˿Ӻ˳е⳥Σ(һ)ȨΪʵΣգܺδ˺ؾ𺦵;()Ȩ˵Ϊܺϵĵܵؾ𺦵ġǰڶ涨ϵָ֮ܺݹϵ
37,,,,,,Ȩηڶʮ涨ĹƽֵʧӦڷɡ˾ر涨áȷƽֵʧʵҪ˫˵ľ״
38,,,,,,Ȩηڶʮ涨һ֧ͷ֧Σ(һ)ԺоȷѾ𺦵⳥Ӧһ⳥;һ֧ȷѵģԷ֧;()Ժоȷ𺦵⳥һ⳥ҲԶڽʽ⳥ǰ涨Ķڽ⳥䷶Χм⳥𡢲м߷ԼоȷʱȷĽӦ⳥Ŀ
39, еκͼε,,,,,Ȩηڶʮ涨Ĺʧ֣ùԭ͹ƶԭȨΰ޹ԭȨΰǷʹùʧ֣Ӧշɵر涨;ûر涨ûнֹù涨ģܺ˾شʧģùʧֵĹ涨
40,,,,,,ԺȨξװУܺ˶𺦵ķҲйģԲţȨηڶʮ涨Ρ
41,,,,,,ͬһԭʵ𺦲ߣ⳥Ӧ۳ܵ档ֵãԲţԺʵĽֱá
42,,,,,,ùԭùƶԭȨξװУܺ˹ȫԭģȨηڶʮ涨Ϊ˵Ρ
43,,,,,,Ȩηʮһ¶Եԭߵ˹й涨ģø÷ڶʮ涨Ȩηڰʮڰʮһ涨ġˡ൱ڵ˵ĸ
44,,,,,,Ȩηڶʮ涨ԲɿΪɵģ䲻ɿ𺦵ķӦ𺦵ķȫԭȫԭģӦΪ˵Ρ
45,,,,,,ԲֺĴΪǰᣬòֺӦڿ͹ΣΪ׼ķɹʧȨйֺȨģӦеȨΡ˶ԷҪ޶ȵĲֳеΣ޶ͨԲֶֺκǿԼȨΪݡ
46,,,,,,ȻԭĽգ˲еλݹƽֵʧ淶ΧڳеΡΪĽգɱɵ鷢˳е⳥Ρܹ֤Ϊ֪Էǽնзģ˲Ρ
47,,,,,,ΪʹһΪ˾ȨȨȨķΧʵʩΪģΪְȨΪְȨΪɵ𺦣Ϊ˲еȨΡְȨΪҪΧ𺦵ģȨ˳е⳥;Ȩ˶𺦵ķйģȨڳе⳥κ׷
48,,,,,,ӺܺͬķΧΣͬʮ涨ͬ⡣ܺͬͨܺ˵ʾҲһ׼ܺ˵ΪƶϡܺͬķΧͨܺ˵ʾȷҲһ׼ϰܺΪܵͨΣΪޡ
49,,,,,,Ȩηһ涨ùεȨξװӺ˿¼Ρ
50,,,,,,֪ܺΣնԸμӣ𺦵ķ˳е⳥Ρ֯йģڴޡΣյķΧܺΪܵͨΣΪޡ
51, 涨,һ ໤,,,,ΪǷȱ𺦵ģ׼Ȩηʮ涨ΪǷȱߣָԭ޷ʹȨˣˡֲˡˡߵȡȷΪǷȱߵļ໤ʱɱ໤໤Լ
52,,,,,,໤ģɼ໤˳еȨΡ໤ʱвƲģȴӱŲ֧⳥ã㲿֣ɼ໤⳥
53,,,,,,໤˵˳ͨʮʮȷϵеѻλΪ໤˵ģ໤˵ĲƲԳеȫεģӦеӦĲΡռ໤Эȷļ໤ˣǷΪ໤˵ĽӦе໤Ρ
54,,ڶ ,,,,Ȩηʮһ涨˵λһءҵλ塢ҵϻ徭֯ҵλȡ
55,,,,,,Ȩηʮڶ涨ĽǲùλеǲλйӦΣΣñ˾͵ʮڶ͵Ĺ涨
56,,,,,,˵λǲλͽһڳе⳥κ󣬶ִййĹԱṩһȨ׷
57,,,,,,Ȩηʮ涨ġִйԼʮ涨ġ񡱣ְְִִָӦߵȨȷָʾΪޡΪȨȷָʾΧģʽְְϵģӦ϶Ϊְִ
58,,,,,,Ȩηʮι涨ӦΣΣ(һ)һṩһ𺦵ģӦеȫ;()ṩһԼ𺦵ģԼеȫ𺦺;()𺦵ķ˫йģȨηڶʮ涨˫ԵĹе⳥Ρ
59,, Ȩ,,,,Ȩηʮһ϶ûṩֺȨģӦȨηһĹ涨ȷȨΣûṩԼе⳥Ρ
60,,,,,,ȨηʮṩߣָṩķʽȡҪʩϢ洢ռṩӷṩ̣ҲԼվϷƷṩ̡
61,,,,,,Ȩ֪ͨṩ߲ȡҪʩӦȡ֪ͨʽ֪ͨӦݣ(һ)Ȩ˵()ϵʽ͵ַ()ҪȡҪʩȨݵַ׼ȷλȨݵϢ()Ȩĳ֤ϣ()Ȩ˶֪ͨʵԸĳŵȨ˷͵֪֪ͨͨҪʱΪδЧ֪ͨ
62,,,,,,ṩ߽ӵǰ涨֪ͨӦʱɾȨݣ߶ϿȨݵӣͬʱ֪ͨתṩݵûȨŶϿΪҪʩģӦеӦĵȨ˲ṩģṩ߿ԲȡϿӵıҪʩûַ޷ת͵ģṩӦ֪ͨϢϹ档
63,,,,,,Ȩ˵֪ͨȨΪʵṩ߽ӵ֪ͨδʱɾݻ߶Ͽݵӵģ𺦵󲿷ȨûеΡ𺦵󲿷ṩ߽ӵ֪ͨʱΪ׼𺦣ṩӦûеΡ
64,,,,,,ûӵṩת͵֪ͨΪṩδַȨˡȨģṩύ淴֪ͨҪָɾݣ߻ָ뱻ϿӵݡǰƵķ֪ͨӦݣ(һ)û()ϵʽ͵ַ()Ҫָݵƺַ()Ȩĳ֤ϣ()֪ͨ˳ŵԷ֪ͨʵԸ
65,,,,,,ṩ߽ӵû淴֪ͨӦʱָɾݣ߿Իָ뱻Ͽݵӣͬʱûķ֪ͨת֪ͨˡ֪ͨġȨˡ֪ͨṩɾݻ߶ϿݵӡģԺߡ
66,,,,,,ȨŲȡεȴʩûȨ𺦵ģûȨ֪ͨ䷴֪ͨҪͺñ˾͵ʮ͵ʮ涨
67,,,,,,ṩ֪ͨ˷Ȩ֪ͨȡɾݻϿȨӵȱҪʩṩ߻ûʧģ֪ͨӦȨηһ涨ȷ⳥Ρ
68,,,,,,Ȩηʮ涨ġָ֪ṩѾ֪ȨΪĴڡ֮һģ϶ṩѾ֪(һ)ṩ߶ԱߵȨѡࣻ()ߵȨΪΥҳΪṩλá
69,,,,,,ȨηʮڶƵıҪʩӦݷṩߵķʽԼֹȨʵԽжϣȨ˵ΪݣҪʩĲȡӦԺϷϢĴ谭
70,,,,,,Ȩηʮڶ涨ȨṩߵģԺ׷ûΪͬ棬Ҳֱȷṩ߳е⳥Ρṩڳе֮ȨȨû׷ṩûԵηݶӦȨηʮһ涨ȷϡ
71,,Ľ ΥȫȨ,,,,Ȩηʮһ涨Ĺ˻ȺԻ֯߷Χ壬δȫ𺦵ģӦȨηһ涨ȷȨ⳥Ρ
72,,,,,,жΪǷ񾡵Ȩηʮ涨ġȫ񡱣Ӧ±׼ۺ϶(һ)ȫǷ棻()ջΪԴǿȣ()ȫ˿ơΣջ𺦵()ܺ˲μӾӪľΡ
73,,,,,,ͨ£Ϊƾȫ񼴿ɱ𺦵ķ϶ΥȫΪ𺦺֮ϵȨηʮڶ涨еӦĲεΥȫˣΥȫΪ뱻Ȩ˵֮мӵϵ
74,,,,,,ȨηʮڶΪֱȨ˳еӦĲεΥȫˣֱܹеȨεʱԼеȨΡֱ˲ܹеȨ⳥εʱΥȫ˲ųеӦĲΡΥȫ˳еεķΧӦ̶ȺΪԭȷ⳥ķΧΥȫ˳еӦĲεģжֱȨ˵ĲΡԼӦеӦĲεĲֱ֣Ȩ׷Ȩ
75,,,,,,жͣǷеȫӦ϶(һ)Ƿ񽫳ͣʵʿƣ()ͣǷȡ;()ͣͳǷбܳĺ⡣
76,, ѧ˺¹,,,,ȨηʮƶйģԾ֤֤ԼΥְĹܹƷùƶģеȨΡȨηʮ涨ܹ֤δɡ涨ӦĽְӦ϶δѧĽڹͨ£ѧУƾְ𼴿ɱ𺦵ķ϶ΥΪ𺦺ϵ
77,,,,,,Ϊ˻Ϊ׶԰ѧУѧϰڼ䣬𺦵ģ׶԰ѧУδְģӦȨηһ涨ȷȨΡ
78,,,,,,еӦĲεģжֱȨ˵׷Ȩ;ӦķΧеĲΣֱ׷Ȩ
79, Ʒ,,,,,ȨȨηʮߣͬʱߺΪͬģԺڵʵֱ֮ȷӦε߻߳е⳥;Ҳоߺ߳еΣоִйУȨηʮ涨мκΡ
80,,,,,,Ʒȱָ졢еԭ߾ʾ˵֡δٻؾʾ²ƷڵΣƲȫĲΣաʾ˵ֵı׼ǲƷںΣգղƷľʾ˵ʹãΣվͲᷢδٻؾʾĸٹ۲ȱݣӦȨηʮ涨϶
81,,,,,,Ȩηʮ涨ˣָƷ㲿ṩ߻ԭṩߵȡ
82,,,,,,ߡִߵȵ˵ΪµĲƷȱƲʧߡ߲ܳе⳥ε£׼ȨֱߡִߣҪǳеȨ⳥Ρ
83,,,,,,Ʒ߻Լܹ֤֮һģе⳥:(һ)δƷͶͨ;()ƷͶͨʱ𺦵ȱвڵ;()ƷͶͨʱѧˮƽвܷȱݴڵġ
84,,,,,,Ȩηʮ涨ȷͷ⳥Ӧ⳥ʵ֮⣬ȷʵʧ⳥ȷͷ⳥ӦȨ˵۶̶Լʵ𺦵أۺȷ
85, ͨ¹,,,,,ָԶװǣڵ·ʻĹԱûƷԼйרҵʽʱ20µĶΪǻ
86,,,,,,ܹ˼ʻ𺦵ģ˳еΡ˳е⳥֮󣬿йܹ׷ͽίбܻ߳ڼ䣬ˡ˻ȨԼʻó𺦵ģˡ˻ȨӦеȨΡʹ޵Ļ𺦵ģɳ˳еȨΡڸĻռк𺦵ģ򷽳еȨΡ
87,,,,,,ǻʻ˻֮䷢ͨ¹ʣ𺦣˫йʧյ·ͨȫʮʵεģһڰ̶ȳе⳥֮ϣӲٷ֮ʮ⳥Ρ
88,,,,,,һ޹ʧǻʻ˻˵ĹʧԼ𺦣յ·ͨȫʮһӦеٷ֮ʮ⳥εģӦڰٷ֮ٷ֮ʮ֮䣬ܺһĹʧ̶ȣȷ⳥
89,,,,,,յ·ͨȫʮ涨ܺ˹ײ𺦵ģһе⳥εģӦŽΪܺ˹𺦵ģһе⳥Ρ
90,,,,,,Ȩηʮ涨Ļ˵Ĺָˡ˵ˡ˼ʻʣδ֪ϵȡʹ˳еȨ⳥Σ˳еӦ⳥ΣΣӦñ˾͵ڶʮ涨ȷȨΡ
91,,,,,,Ȩηʮ涨ĳΪ⳵⡣ʻԱĳʻԱĹʧ·ͨ¹𺦵ģԼ𺦻𺦣˶Ӧе⳥Ρڻʹ˵ָʾʧɻʻ𺦻𺦵ģʹ˳еָʾʧΣ⳥ʻйʧʹָʾҲйʧģ˫еΡ
92,,,,,,֮ѾȷʽתòδȨתƵǼǣͨ¹ʺڻһΣûδշɹ涨ǿƱյģԭڻǿƱշΧڣе⳥Ρ
93,,,,,,涨ı޲һģͶڻͨ¹ǿƱգڱڼ䷢ͨ¹ʵģɱչ˾ڶڽͨ¹ǿƱ޶Χ⳥㲿ת˺˳е;ڶǿƱڼⷢͨ¹ʵģת˺˳еΡ
94,,,,,,ԡ١Ļͨ¹ʣˡ˻޷е⳥Σδշɹ涨ǿƱյģӦǿƱշΧڣɻڻǿƱ޶Χе渶ȷã˿ͨ¹׷
95,,,,,,ҿӪ·ͨ¹𺦵ģӦвͬΣɲͬеΣ(һ)˻޳ҿҵҿҵȲ棬ֲ֧ģɸ˳е⳥;ҿλ֪Ӧ֪ҿӪ߲ӦʶṩҿģҿҵӦ˳еΡ()ҿλȡѵĸ˻ҿλڹʹҿͨ¹𺦵ģӦе⳥;ҿλ֪ҿ˲Ӧʶܹҿҿͨ¹𺦵ģҿҵ˳еΡ
96,,,,,,ʻִйʱͨ¹ʣ𺦣ʻӦеȫεģӦɻ˳е⳥;˳е⳥κȨ׷ʻ˷ִйͨ¹ʣ𺦣ʻӦȫεģɼʻ˳е⳥Σ˲еΡ
97, ҽ,,,,,Ȩηʮ涨ȷҽΣҽƻҽԱĹҪҽƹʧҽԱƻУʵʩΥΪɻ𺦵ģӦȨη涨ڳеεͬʱҽƻȨηʮ涨еȨΡ
98,,,,,,ҽԱƻԻδ֪ɻߵ𺦣δ֪ɻߵ𺦺δ֪δ𺦵ɻ֪ͬȨΡδ֪ɻ𺦵ģӦȨηʮ涨⳥׼⳥δ֪ɻ֪ͬȨ𺦵ģӦȨηڶʮھ⳥Ĺ涨е⳥Ρ
99,,,,,,ҽƻȨηʮ涨ΣĻδӦĸ֪׼ɻ𺦵ģҽƻӦе⳥Ρ
100,,,,,,Ȩηʮ涨ȷҽԱΪҽƹʧжϵʱҽˮƽҪʱʵǵҽƻʡҽԱʵء
101,,,,,,Ȩηʮ涨ƶҽƻйģԺ϶ҽƻй;ҽƻƷùƶ
102,,,,,,ߵпҽԱΪɵģҽԱṩ෴֤⣬ƶΪ뻼֮ϵ
103,,,,,,Ȩηʮ涨ȱҽƲƷ֮ҽƲƷɻ𺦣ӦȨηʮ涨ȷȨΡ
104,,,,,,ҩƷҩҽеȱݣ벻ϸѪҺɻ𺦵ģҽƻ⳥ҽƻ⳥ȨȱݲƷߡ߻ѪҺṩ׷
105,,,,,,ҽƻԼҩƷҩҽеҽƲƷȱݣɻ𺦵ģҽƻǷйʧӦе⳥Ρ
106,,,,,,Ȩηʮ涨Ļ߲ġƵĲϣסԺ־ҽ鱨桢¼ϡ¼ҽƷõȣۼ¼Ѳۼ¼ϼҽʦ鷿¼̼¼ȲϡҽƻδȨηʮڶ涨ṩӦõʮڶ涨ȷȨΡ
107,,,,,,δͬ⣬ҽƻҽԱÿӡӴߵ壬ҲýΪѧ;δͬ⣬޹صԱýҡҡҡסԺ;ҽƻҽԱÿӡ滼ߵ˽˻ΪΪ˻Ϊ˵ĳ⡣ҽƻҽԱй¶˽δͬ⹫䲡ϣɻ𺦵ģӦȨηڶʮ涨ȷ⳥Ρ
108,,,,,,ҽƻҽԱԻ߽вҪļ飬»֧ҪҽƷãɻ𺦣ߵ»ɥʧʱƷģҽƻӦе⳥Ρ
109,,,,,,Ȩηʮ涨ķΣκΣ𺦵ģӦеȨ⳥Ρ
110,ڰ Ⱦ,,,,,Ȩηʮ涨ġ̬
111,,,,,,Ȩηʮ涨Ⱦ߳е֤εϵҪȨӦȳеϵпԵĳ֤δ֤дϵԵģýϵƶ
112,,,,,,Ȩηʮ涨ȾȾû˼ģӦеΡϵȾ߳еεľȷԭСģ𺦵ԭȷηݶ;ȷԭСģгݶȷηݶ;ͨǰȷηݶģƽηݶ
113,,,,,,Ⱦеĵ˹Ⱦߵ⳥Ρ󻷾ȷɡȨηʮ涨һµģ·ԭȨηĹ涨
114,,,,,,Ȩηʮ涨ġ߶Σҵָ߶Σջ͸߶Σ
115,,,,,,ȨηʮָսΡָװͻжжսҵΣȻֺȲɿԭ
116,,,,,,Ȩηʮһ涨ȷúΣӦáúշһʮһĹ涨
117,,,,,,Ȩηʮ涨ġھָڵر֮½еھ÷ھʮһ涨ڿӡ
118,,,,,,Ȩηʮ涨ġٹͨ乤ߡָ·ͨ···й糵ͨеĽͨߡֳȹֵĹߣڸٹͨ乤ߡ
119,,,,,,߶Σջ߸߶ΣĹˣѾȡȫʩʾܺ˾йشʧģӦ˵⳥;ܺ˾йʧģ˿ԼΡ
120,,,,,,Ȩηʮ涨ķɹ涨⳥޶ɡԼļ
121,ʮ ,,,,,Ȩηʮܹ֤Ȩ˹شʧɵģԲе߼ΡĹ涨ǱȨ˹شʧʹĶԼ𺦣ӦݱȨ˵Ĺشʧ𺦵ķеԭȷ߼ΡȨ˵Ĺشʧ𺦷ȫԭӦ˵;Ȩ˵Ĺشʧ𺦷ĹͬԭӦΡȨ˾йʧģüȨ˵⳥Ρ
122,,,,,,ȨηʮȷΥڰʮȮΣնɵ⳥Σ˲ԮʧֹΣҲòɿΪɡ
123,,,,,,Ȩηڰʮһ涨ȷ԰ĶΣӦùƶȨ˶𺦵ķҲйģӦùʧԭ򣬼ᶯ԰⳥Ρ
124,,,,,,ݺĶº޹ΡݻĶﱻ֮𺦵ģµ˻˳е⳥;ԭ˻йģӦеӦĲΡ޷ҵԭ˻˵ģɶĶº貹;ڲȨ׷
125,ʮһ ,,,,,Ȩηڰʮ涨ġˡָʩˡ˻ʹ֮ģ𺦷εĵˡʩ䡢׹𺦣ˡ˻ʹɥʧ⳥޷еȨεģȨ˿ֱԴ˸εġˡ⳥
126,,,,,,ʩˡ˻ʹˡ˻ʹ˲ͬһ˵ģȨ˿еκһе⳥ΡеεһӦеεˡ˻ʹ׷Ȩ
127,,,,,,Ȩηڰʮһ涨Ľʩȱݵ𺦣λʩλɵģ赥λʩλӦȳе⳥εģе֮Ȩ׷赥λʩλûеȨΣ˶ԴӦеȨεģȨ˿ֱе⳥Ρÿ涨ġˡָ赥λʩλƵλⵥλλԼйصλȵˡ
128,,,,,,Ȩηڰʮڶ涨ǽʩ𺦵Ĺȱݡÿ涨ˣָˡ˻ʹˡȱʹʩ𺦣ˡ˻ʹ˳еεģձ˾ǰһĹ涨еΡ
129,,,,,,Ȩηڰʮ涨׹Ӻ˲ĲΣǹΣӦȨηڶʮ涨ȷ֮һģ϶Ϊ涨ġܹ֤ԼǼӺˡ(һ)𺦷ʱ֤˲ڸý֮;()𺦷ʱ֤λ޷ʵʩضΪ;()֤޷ɸΪ;()֤ʵû֮
130,,,,,,ܼӺĽʹˡȨηڰʮ涨еĲΣΪΣΡܼӺĽʹˡָʵʹøýˡ˻ʹˡ
131,,,,,,Ȩηڰʮ涨ȷĲΣԲʵʧ50%Ϊޡ
132,,,,,,Ȩηڰʮ涨ġйصλˡָѷˡ㵹ˡˣԼԹ·йְķ˻ȻˡԹ·йְķ˻Ȼ˳е⳥κ󣬶ӦеȨεĶѷˡ㵹˻˿ʹ׷Ȩ
133,ʮ Ч,,,,,ȨηʵʩԺߵԺһȨξװӦáȨηĹ涨ȨηʵʩǰߵһȨξװ˾й涨⣬Ӧõʱķɼͨع涨;ͨûй涨ģȨηйع涨ȷΡȨηʵʩ֮ǰߣѾһþȨξװʱȨηѾʵʩģӦͨйع涨ȷȨΣȨηĹ涨ԺȨηʵʩǰѾþȨξװʹҲȨηĹ涨ȻͨС
134,ʮ 涨,,,,,ɹжԵ𺦵ģ˲еΡ˶ԶָʾйʧģӦеӦ⳥Ρ
135,,,,,,﹤﹤𺦵ģ﹤Ӧе⳥Ρ﹤ȷܾ﹤ģе⳥;淶Χʵ﹤Ȩ𺦵ģɵ˳е⳥Ρ˲ȷû⳥ģɱ﹤ʵ
136,,,,,,ͶͶ𺦵ģ˵λӦе⳥ΡϵͶϵɵģܺ˿˳е⳥ΣҲ˵λе⳥Ρ˵λ⳥Ȩ׷Ӧμӹ˱յ˵λͶߣ¹𺦵ģá˱Ĺ涨˵λĵȨͶ𺦣⳥Ȩ˳е⳥εģԺӦ֧֡
137,,,,,,ǲڼ䣬ǲĹԱ𺦵ģǲλͽǲùλӦеΡ
138,,,,,,űֺȨ棬ӦȨηһеȨΡԺȨӦԺȨ˾͵ع涨
139,,,,,,רҵ֪ʶרżṩרңδѭطɡ桢ҵ淶Ͳ̣ί˻ߵ𺦵ģԱȨηʮ涨еȨΣܹ֤ûйĳ⡣
140,,,,,,ܺ˵Ȩ⳥ȨԼʹȨ𡣱˲ΪԼɱպͬķշΪ⳥й涨ģ涨
141,,,,,,°սܺ˿ԵϣƲ;⳥
142,,,,,,Ժ¸ϰȷ±˵ȨΣӦȨηĹ涨С
143,,,,,,Ȩη涨ġӦΣʮ涨֮⣬ָȨӦе̶ȼΪԭӦ⳥Ρ